codigo,nombre,cantidad,precio_eur
43217-1,'Up' House,31,45.4463
76917-1,2 Fast 2 Furious Nissan Skyline GT-R (R34),125,20.6529
42210-1,2 Fast 2 Furious Nissan Skyline GT-R (R34) Car,9,99.1653
10476-1,3 in 1 Construction Site and Vehicles,3,66.1074
10475-1,3 in 1 Construction Vehicles,2,18.1735
10478-1,3 in 1 Creative Ramps with Vehicles,6,49.5785
10470-1,3 in 1 Modern Family House with Figures,6,57.843
10477-1,3 in 1 My First Creative Cute Pets,3,7.4297
75968-1,4 Privet Drive,10,78.5041
043221-1,100 Years of Disney Animation Icons,21,53.7107
43269-1,101 Dalmatians Puppy,58,99.1653
21324-1,123 Sesame Street,20,165.2809
42223-1,1966 Ford GT40 MKII Race Car,53,53.7107
76906-1,1970 Ferrari 512 M,3,24.7851
42154-1,2022 Ford GT,25,90.9008
76919-1,2023 McLaren Formula 1 Car,56,24.7851
43033-1,2026 U.S. Soccer National Team Jersey,1,24.7851
375431-1,327th Star Corps Clone Troopers Battle Pack,24,28.9173
75359-1,332nd Ahsoka's Clone Trooper Battle Pack,8,18.1735
10448-1,3in1 Animals on Wheels,11,24.7851
10451-1,3in1 Dinosaurs on Wheels,3,49.5785
10993-1,3in1 Tree House,2,82.6363
10446-1,3in1 Wild Animal Families,2,56.1901
75345-1,501st Clone Troopers Battle Pack,20,20.6529
42114-1,6x6 Volvo Articulated Hauler,5,330.5701
271811-1,Arin's Ninja Off-Road Buggy Car,25,37.1818
371839-1,Arin's Spinjitzu Battle Mech,8,14.8678
21226-1,Art Project - Create Together,4,123.9586
43223-1,Asha in the City of Rosas,10,15.6942
30661-1,Asha's Welcome Booth polybag,55,4.124
10255-1,Assembly Square,11,289.2478
77245-1,Aston Martin Aramco F1 AMR24,96,19.0
42208-1,Aston Martin Valkyrie,70,41.314
675440-1,AT-AT,61,47.9256
75444-1,AT-RT Attack,38,33.0496
75254-1,AT-ST Raider,21,74.3719
675417-1,AT-ST Walker - UCS,9,140.4876
375337-1,AT-TE Walker,29,123.9586
10306-1,Atari 2600 Video Computer System,3,223.1322
10327-1,Atreides Royal Ornithopter,15,140.4876
77259-1,Audi Revolut F1 Team R26,170,19.8264
42160-1,Audi RS Q e-tron,12,140.4876
76921-1,Audi S1 e-tron quattro,149,22.3058
43211-1,Aurora's Castle,2,33.0496
11372-1,Autumn Cottage Garden,58,78.5041
42646-1,Autumn's Room,4,14.0413
30696-1,Autumn's Waffle Stand paper bag / polybag,82,3.2975
76325-1,Avengers: Age of Ultron Quinjet,13,86.7686
76323-1,Avengers: Endgame Final Battle,69,71.8925
76322-1,Avengers: Endgame Thor vs. Chitauri,12,35.5289
76970-1,Baby Dinosaur Dolores: Aquilops,30,20.6529
40814-1,Baby Elephant in the Sky,54,20.6529
30665-1,Baby Gorilla Encounter polybag,18,3.2975
72034-1,Baby Mario vs. Baby Luigi,12,20.6529
72036-1,Baby Peach & Grand Prix Set,5,55.3636
41964-1,Back to School Project Box {Mickey Mouse & Minnie Mouse},8,28.9173
10300-1,Back to the Future Time Machine,66,148.752
42197-1,Backhoe Loader,15,7.4297
60480-1,Backhoe Loader,23,20.6529
30733-1,Badnik: Skorp paper bag,583,3.2975
562206-1,Bakery foil pack,370,1.6446
562306-1,Bakery paper bag,761,1.6446
10440-1,Balancing & Stacking Tree,9,14.0413
30704-1,Balkiry Attack paper bag / polybag,98,4.124
10367-1,Balrog Book Nook,39,84.2892
10333-1,Barad-dûr,6,413.2147
75378-1,BARC Speeder Escape,31,20.6529
10966-1,Bath Time Fun: Floating Animal Island,2,33.0496
10965-1,Bath Time Fun: Floating Animal Train,45,14.8678
76301-1,Batman & Batmobile vs. Mr. Freeze,2,14.0413
30653-1,Batman 1992 polybag,83,4.124
76240-1,Batman Batmobile Tumbler,8,289.2478
76259-1,Batman Construction Figure,1,33.0496
76273-1,Batman Construction Figure and the Bat-Pod Bike,9,61.9752
76304-1,Batman Forever Batmobile,3,70.2396
76330-1,Batman Logo,47,57.843
76270-1,Batman Mech Armor,1,14.0413
76303-1,Batman Tumbler vs. Two-Face & The Joker,1,41.314
76331-1,Batman v Superman Batmobile,14,21.4793
76274-1,Batman with the Batmobile vs. Harley Quinn and Mr. Freeze,20,41.314
30726-1,Batman: Bruce Wayne and the Batsuit paper bag,413,3.2975
75638-1,Battle at Arlong Park,11,56.1901
76177-1,Battle at the Ancient Village,1,49.5785
71871-1,Battle at the Dragon's Blade,10,61.9752
77073-1,Battle Bus,20,74.3719
640623-1,Battle of Endor Heroes,4,49.5785
75435-1,Battle of Felucia Separatist MTT,10,107.4297
71435-1,Battle with Roy at Peach's Castle - Expansion Set,6,46.2727
775452-1,BB-8,20,66.1074
41725-1,Beach Buggy Fun,8,8.2562
30635-1,Beach Cleanup polybag,3,3.2975
43280-1,Beach Fun with Lilo & Stitch,15,14.8678
42699-1,Beach House with Seals,10,35.5289
562304-1,Beach Shop and Dolphin paper bag,849,1.6446
42625-1,Beach Smoothie Stand,11,14.8678
42623-1,Beach Water Scooter,19,7.4297
31385-1,Beautiful Dolphins,10,35.5289
31166-1,Beautiful Horse,19,36.3554
43263-1,Beauty and the Beast Castle,8,247.9255
42669-1,Beekeepers' House and Flower Garden,17,70.2396
43289-1,Belle & the Beast's Enchanted Castle,19,28.9173
43233-1,Belle's Storytime Horse Carriage,2,16.5207
892285-1,Benthomaar foil pack,163,3.2975
10415-1,Big Feelings & Emotions,19,22.3058
10428-1,Big Interactive Community Train,9,99.1653
71409-1,Big Spike's Cloudtop Challenge - Expansion Set,34,52.0578
40639-1,Bird's Nest,92,14.0413
30582-1,Birthday Bear polybag,306,4.124
40807-1,Birthday Numbers,107,14.8678
30689-1,Birthday Party Animals paper bag / polybag,239,3.2975
40815-1,Birthday Party Cake,115,10.7355
76784-1,Black Dahlia Flower,24,20.6529
76215-1,Black Panther,6,330.5701
76214-1,Black Panther: War on the Water,1,82.6363
40580-1,Blacktron Cruiser,4,45.4463
,"Blacktron Mutant, Series 26 (Complete Set with Stand and Accessories)",4,4.124
10355-1,Blacktron Renegade,2,107.4297
77056-1,Blathers's Museum Collection,8,56.1901
543304-1,Blaze's Horse Ranch,44,35.5289
11025-1,Blue Baseplate,134,7.4297
10471-1,Blue Police Motorcycle,9,7.4297
30687-1,Bluey Tea Party paper bag / polybag,70,3.2975
11202-1,Bluey's Beach & Family Car Trip,5,21.4793
11203-1,Bluey's Family House,12,49.5785
10459-1,Bluey's Family House with Memory Game,43,49.5785
76922-1,BMW M4 GT3 & BMW M Hybrid V8,27,37.1818
42226-1,BMW M4 GT3 EVO,52,45.4463
675387-1,Boarding the Tantive IV,1,49.5785
75312-1,Boba Fett's Starship,11,66.1074
75344-1,Boba Fett's Starship Microfighter,22,12.3884
10281-1,Bonsai Tree,17,37.1818
76450-1,Book Nook: Hogwarts Express,51,70.2396
71388-1,Boss Sumo Bro Topple Tower - Expansion Set,7,22.3058
10374-1,Bouquet of Pink Roses,99,43.7934
10328-1,Bouquet of Roses,91,43.7934
10297-1,Boutique Hotel,3,247.9255
72039-1,Bowser's Castle,30,70.2396
10913-1,Brick Box,10,21.4793
11217-1,Brick-Built Bluey Family,10,49.5785
475582-1,Brick-Built Gru and Minions,3,38.0083
76974-1,Brick-Built Mosasaurus Boat Mission,72,45.4463
75407-1,Brick-Built Star Wars Logo,24,49.5785
21339-1,BTS Dynamite,17,82.6363
76427-1,Buckbeak,42,41.314
42151-1,Bugatti Bolide,3,41.314
77240-1,Bugatti Centodieci,63,20.6529
42083-1,Bugatti Chiron,7,495.8593
42222-1,Bugatti Chiron Pur Sport,34,47.0992
77253-1,Bugatti Vision Gran Turismo,234,20.6529
75637-1,Buggy the Clown's Circus Tent,26,35.5289
40920-1,Bugs Bunny,1,41.314
11020-1,Build Together,1,90.9008
30563-1,Build your own Snail polybag,16,4.124
10423-1,Buildable People with Big Emotions,24,37.1818
952310-1,Builder with Digger paper bag,150,2.0579
60466-1,Bulldozer,23,42.9669
10338-1,Bumblebee,32,74.3719
40804-1,Bumblebee Robot & Vehicle,1,20.6529
77047-1,Bunnie's Outdoor Activities,29,14.8678
562302-1,Bunny at Veterinary Station foil pack,1,2.4711
60404-1,Burger Truck,13,14.0413
42198-1,Bush Plane,9,19.0
77248-1,BWT Alpine F1 Team A524,47,19.0
675398-1,C-3PO,21,103.2975
10452-1,Camping Trip,8,14.8678
42700-1,Candy & Cupcake Ferris Wheel,8,41.314
40668-1,Captain America & Red Hulk,7,20.6529
76292-1,Captain America vs. Red Hulk Battle,15,37.1818
76319-1,Captain America vs. Thanos,18,24.7851
76262-1,Captain America's Shield,4,190.0743
76314-1,Captain America: Civil War Battle,12,70.2396
75349-1,Captain Rex Helmet,28,57.843
75391-1,Captain Rex Y-Wing Microfighter,33,10.7355
72040-1,Captain Toad's Camp - Expansion Set,10,10.7355
60408-1,Car Transporter,1,99.1653
60198-1,Cargo Train,10,206.6032
10416-1,Caring for Animals at the Farm,8,45.4463
42666-1,Cat Birthday Party,4,21.4793
71407-1,Cat Peach Suit and Frozen Tower - Expansion Set,2,57.843
30718-1,Cataclaws Snow Adventure paper bag,91,3.2975
76464-1,Cauldron: Secret Potions Classroom,23,43.7934
30712-1,Celebration Cake paper bag,240,3.2975
40758-1,Celebration: Ferris Wheel with Fireworks,9,20.6529
60478-1,Cement Mixer,11,28.9173
60469-1,Central Train Station,29,66.1074
40725-1,Cherry Blossoms,93,12.3884
10304-1,Chevrolet Camaro Z28,44,165.2809
42205-1,Chevrolet Corvette Stingray,55,45.4463
675371-1,Chewbacca,26,181.8099
21585-1,Chicken Farm,5,14.0413
21592-1,Chicken Jockey Desert Attack,18,18.1735
76449-1,Chomping Monster Book of Monsters,48,45.4463
75416-1,Chopper (C1-10P),24,82.6363
30692-1,Christmas Chimney Fun with Santa paper bag / polybag,561,3.2975
40744-1,Christmas Ornament Selection,298,12.3884
40743-1,Christmas Table Decoration,170,28.9173
40573-1,Christmas Tree,616,32.2231
10368-1,Chrysanthemum,24,22.3058
43206-1,Cinderella and Prince Charming's Castle,19,74.3719
43283-1,Cinderella Animal Friends Castle,20,20.6529
43275-1,Cinderella's Castle & Horse Carriage,11,56.1901
43266-1,Cinderella's Dress,19,28.9173
30695-1,Cinderella's Mini Garden Castle paper bag / polybag,109,4.124
60506-1,Classic Beach Streetcar,67,45.4463
76238-1,Classic TV Series Batman Cowl,4,70.2396
31220-1,Claude Monet - Bridge over a Pond of Water Lilies,34,140.4876
75350-1,Clone Commander Cody Helmet,2,82.6363
75448-1,Clone Shock Trooper Mech,34,11.562
75372-1,Clone Trooper & Battle Droid Battle Pack,14,22.3058
60503-1,Coast Guard Helicopter,15,42.9669
60504-1,Coast Guard Rescue Boat,15,78.5041
75437-1,Cobb Vanth's Speeder,1,21.4793
112326-1,Cole vs. Bone Knight metal box,80,4.124
30723-1,Cole's Car paper bag,162,3.2975
471854-1,Cole's Mission Mech,28,21.4793
31384-1,Colorful Hummingbird,34,21.4793
60395-1,Combo Race Pack,1,28.9173
10318-1,Concorde,25,190.0743
60420-1,Construction Excavator,2,49.5785
60401-1,Construction Steamroller,63,7.4297
30698-1,Cooper's Flying Controller Mini Build paper bag / polybag,53,3.2975
71489-1,Cooper's Gaming Controller Jet,9,14.0413
71497-1,Cooper's Tiger Mech & Zero's Hot Rod Car,4,70.2396
76461-1,Cornish Pixie,73,21.4793
75354-1,Coruscant Guard Gunship,2,165.2809
10321-1,Corvette,2,165.2809
11514-1,Cosmos Flowers,61,10.7355
42661-1,Costume Party,8,28.9173
42643-1,Cotton Candy Stand and Scooter,27,7.4297
42705-1,Cozy Fall Forest Cabin,7,70.2396
10795-1,Crafting with Baby Box,13,10.7355
42672-1,Creative Beach and Travel Suitcase,24,20.6529
11045-1,Creative Colorful Bricks,18,35.5289
11041-1,Creative Dinosaurs,19,23.9587
42697-1,Creative Dollhouse Suitcase,7,35.5289
42693-1,Creative Flower Shop,3,20.6529
11039-1,Creative Food Friends,132,7.4297
10444-1,Creative Garden & Flowers,28,14.0413
11042-1,Creative Happy Box,99,33.0496
77057-1,Creative Houses: Seasons of Fun,26,64.4545
11027-1,Creative Neon Fun,2,20.6529
11034-1,Creative Pets,2,28.9173
11037-1,Creative Space Planets,20,22.3058
10713-1,Creative Suitcase,6,15.6942
11036-1,Creative Vehicles,50,41.314
11012-1,Creative White Bricks,1,4.124
71418-1,Creativity Toolbox - Maker Set,2,49.5785
43012-1,Cristiano Ronaldo - Soccer Highlights,30,21.4793
43016-1,Cristiano Ronaldo - Soccer Legend,111,55.3636
71458-1,Crocodile Car,1,47.9256
10277-1,Crocodile Locomotive,2,231.3966
43277-1,Cruella De Vil's Car,38,37.1818
30715-1,Cute Animal Birthday Party paper bag,53,3.2975
31162-1,Cute Bunny,55,14.8678
30716-1,Cute Easter Bunny paper bag,500,3.2975
31376-1,Cute Hamster with a Flower,92,7.4297
77002-1,Cyclone vs. Metal Sonic,8,20.6529
40747-1,Daffodils,106,12.3884
10413-1,Daily Routines: Bath Time,38,10.7355
10414-1,Daily Routines: Eating & Bedtime,24,22.3058
11508-1,Daisies,107,11.562
76297-1,Dancing Groot,37,37.1818
75411-1,Darth Maul Mech,41,10.7355
175383-1,Darth Maul's Sith Infiltrator,5,74.3719
675439-1,Darth Vader Bust,32,35.5289
75304-1,Darth Vader Helmet,27,82.6363
675419-1,Death Star - UCS,22,867.76
75412-1,Death Trooper & Night Trooper Battle Pack,59,14.8678
40816-1,Decorative Easter Egg,138,20.6529
42201-1,Deep-Sea Research Submarine,29,28.0909
10914-1,Deluxe Brick Box,13,37.1818
76444-1,Diagon Alley Wizarding Shops,39,140.4876
71425-1,Diddy Kong's Mine Cart Ride - Expansion Set,2,90.9008
71514-1,Dino Jet,4,70.2396
77985-1,Dinosaur Fossils: Triceratops,29,70.2396
76969-1,Dinosaur Fossils: Triceratops Skull,38,31.3967
76968-1,Dinosaur Fossils: Tyrannosaurus rex,10,247.9255
76965-1,Dinosaur Missions: Stegosaurus Discovery,10,45.4463
10463-1,Dinosaur Spidey-Rex vs. Green Goblin,3,14.0413
10480-1,Discovery Forest with Wild Animals,8,56.1901
040622-1,Disney 100th Celebration,44,41.314
043212-1,Disney Celebration Train,13,28.9173
21341-1,Disney Hocus Pocus: The Sanderson Sisters' Cottage,12,206.6032
21357-1,Disney Pixar Luxo Jr.,26,49.5785
43246-1,Disney Princess Market Adventure,13,70.2396
76469-1,Dobby the Free Elf,34,24.7851
76421-1,Dobby the House-Elf,6,41.314
30652-1,Doctor Strange's Interdimensional Portal polybag,2,4.124
77237-1,Dodge Challenger SRT Hellcat,74,20.6529
30639-1,Dog Park and Scooter polybag,3,3.2975
41741-1,Dog Rescue Van,1,28.9173
42677-1,Dog Treats Bakery,6,21.4793
42635-1,Dog-Grooming Car,124,8.2562
010075-1,Dolphin,1,28.9173
40377-1,Donald Duck,1,20.6529
71424-1,Donkey Kong's Tree House,2,47.9256
60233-1,Donut Shop Opening,3,99.1653
60452-1,Donut Truck,50,14.0413
60407-1,Double-Decker Sightseeing Bus,19,21.4793
60423-1,Downtown Streetcar,29,63.6281
41454-1,Dr. Fox Laboratory,1,45.4463
30677-1,Draco in the Forbidden Forest polybag,400,3.2975
40617-1,Draco Malfoy & Cedric Diggory,3,20.6529
80103-1,Dragon Boat Race,19,99.1653
371826-1,Dragon Spinjitzu Battle Pack,26,14.0413
271819-1,Dragon Stone Shrine,5,107.4297
42103-1,Dragster,17,20.6529
10314-1,Dried Flower Centrepiece,46,49.5785
60497-1,Drive-Through Car Wash,37,38.0083
75381-1,Droideka,17,61.9752
42107-1,Ducati Panigale V4 R,84,99.1653
42202-1,Ducati Panigale V4 S Motorcycle,26,140.4876
30724-1,Dumbledore's Office with Harry Potter paper bag,524,3.2975
60494-1,Dump Truck & Front End Loader,29,82.6363
21348-1,Dungeons & Dragons: Red Dragon's Tale,21,305.7768
77070-1,Durrr Burger,31,9.9091
77076-1,Durrr Burger Restaurant,34,41.314
40808-1,Easter Bunny and Chick Egg Hunt,131,12.3884
40764-1,Easter Bunny Surprise,10,20.6529
30690-1,Easter Egg Chick Painting Fun paper bag / polybag,3,3.2975
72151-1,Eevee,137,42.9669
40797-1,Eeyore,4,14.8678
271809-1,Egalt the Master Dragon,1,66.1074
10320-1,Eldorado Fortress,1,264.4545
171796-1,Elemental Dragon vs. The Empress Mech,8,107.4297
009206-1,Elephant Pencil Holder,2,20.6529
75682-1,Elphaba & Glinda Figures,33,39.6611
75687-1,Elphaba's Retreat,12,18.1735
10418-1,Elsa & Bruni in the Enchanted Forest,13,20.6529
43281-1,Elsa's Ice Castle & Snow Ride Adventure,6,35.5289
43244-1,Elsa's Ice Palace,17,82.6363
75689-1,Emerald City & Kiamo Ko Castle,4,57.843
75685-1,Emerald City Wall Art,8,123.9586
60451-1,Emergency Ambulance,31,14.0413
60403-1,Emergency Ambulance,38,20.6529
42174-1,Emirates Team New Zealand AC75 Yacht,37,99.1653
675352-1,Emperor's Throne Room Diorama,1,99.1653
43261-1,Encanto Mini House,10,14.0413
76470-1,Enchanted Flying Ford Anglia,26,57.843
76266-1,Endgame Final Battle,17,90.9008
675353-1,Endor Speeder Chase Diorama,9,82.6363
76343-1,Epic Battle: Hulkbuster vs. The Hulk,9,35.5289
376334-1,Epic Battle: Spider-Man vs. Sandman,18,20.6529
76176-1,Escape from The Ten Rings,2,33.0496
60486-1,EV Supercar,40,7.4297
40619-1,EVE & WALL-E,3,20.6529
40516-1,Everyone is Awesome,24,37.1818
21596-1,Evoker Village Attack,19,62.8016
31136-1,Exotic Parrot,36,18.1735
60470-1,Explorer Train,28,148.752
952309-1,Explorer with Water Scooter paper bag,80,2.0579
60337-1,Express Passenger Train,28,123.9586
77258-1,F1 ACADEMY LEGO Race Car,122,19.8264
71049-3,F1 Collectible Race Cars (Box of 36),54,103.2975
71049-1,F1 Collectible Race Cars (Complete Random Set of 1 Race Car),344,3.2975
60493-1,F1 Display Truck with Audi F1 Race Car,101,32.2231
60442-1,F1 Driver with McLaren Race Car,47,9.0826
60444-1,F1 Garage & Mercedes-AMG & Alpine Cars,29,55.3636
60443-1,F1 Pit Stop & Pit Crew with Ferrari Car,34,20.6529
10445-1,F1 Team Racing Cars & Drivers,11,31.3967
60445-1,F1 Truck with RB20 & AMR24 F1 Cars,23,70.2396
60464-1,F1 Williams Racing & Haas F1 Race Cars,42,14.0413
41843-1,Family Christmas Tree,1,289.2478
10467-1,Family House,7,49.5785
31388-1,Family of Koalas,1,115.6942
42673-1,Family Vacation Beach Resort,8,90.9008
30713-1,Fancy Restaurant with Bingo paper bag,96,3.2975
76316-1,Fantastic Four vs. Galactus Construction Figure,6,41.314
42632-1,Farm Animal Vet Clinic,1,24.7851
31391-1,Fashion Bag with Storage,20,20.6529
42231-1,Fast & Furious Dodge Charger R/T,109,107.4297
42229-1,Fast & Furious Mitsubishi Eclipse,105,57.843
77260-1,Fast & Furious Toyota Supra MK4,65,19.8264
42204-1,Fast & Furious Toyota Supra MK4,18,45.4463
76448-1,Fawkes: Dumbledore's Phoenix,57,20.6529
77261-1,Ferrari 499P,75,20.6529
30709-1,Ferrari 499P - Hypercar paper bag / polybag,839,3.2975
76914-1,Ferrari 812 Competizione,21,28.9173
42143-1,Ferrari Daytona SP3,13,371.8924
11375-1,Ferrari F2004 & Michael Schumacher,58,63.6281
76934-1,Ferrari F40,56,22.3058
75890-1,Ferrari F40 Competizione,19,22.3058
42212-1,Ferrari FXX K,73,42.9669
77242-1,Ferrari SF-24,86,19.0
42207-1,Ferrari SF-24 F1 Car,95,165.2809
77254-1,Ferrari SF90 XX Stradale,76,20.6529
40678-1,Festival Calendar,35,24.7851
10271-1,Fiat 500 {Bright Light Yellow Edition},143,148.752
30701-1,Field Flowers paper bag / polybag,1,4.124
31379-1,Fierce Dinosaur,7,18.1735
31381-1,Fierce Shark with a Treasure Chest,14,24.7851
43020-1,FIFA World Cup Official Trophy,43,132.2231
60279-1,Fire Hazard Truck,1,10.7355
60373-1,Fire Rescue Boat,14,14.8678
60411-1,Fire Rescue Helicopter,14,7.4297
30368-1,Fire Rescue Water Scooter polybag,117,3.2975
60414-1,Fire Station with Fire Truck,10,53.7107
60482-1,Fire Truck,35,7.4297
60463-1,Fire Truck,38,13.2149
10473-1,Fire Truck with Hose and Firefighter,5,21.4793
21593-1,First Night Adventure,15,20.6529
911951-1,First Order Stormtrooper foil pack,3,4.124
10443-1,First Time at the Airport,10,20.6529
10449-1,First Time: Visit to the Doctor,7,28.0909
31146-1,Flatbed Truck with Helicopter,3,14.8678
21366-1,Floating Sea Otters,128,78.5041
31390-1,Floral Art Painting,19,20.6529
31383-1,Floral Perfume Bottle,11,21.4793
10345-1,Flower Arrangement,2,111.5619
10280-1,Flower Bouquet,115,49.5785
30413-1,Flower Cart polybag,56,3.2975
30659-1,Flower Garden polybag,74,4.124
30721-1,Flower Stand with Roses paper bag,99,3.2975
11509-1,Flowering Cactus,18,21.4793
31149-1,Flowers in Watering Can,31,24.7851
77051-1,Fly with Dodo Airlines,1,27.2645
76424-1,Flying Ford Anglia,69,12.3884
76475-1,Forbidden Forest: Expecto Patronum,34,21.4793
76432-1,Forbidden Forest: Magical Creatures,17,31.3967
75967-1,Forbidden Forest: Umbridge's Encounter,12,41.314
42213-1,Ford Bronco SUV,9,42.9669
11376-1,Ford Model T,111,95.033
10265-1,Ford Mustang,50,165.2809
76920-1,Ford Mustang Dark Horse,89,19.0
42690-1,Forest Tea Party,2,7.4297
42137-1,Formula E Porsche 99X Electric,13,49.5785
80118-1,Fortune Firecracker,1,82.6363
40864-1,Fortune Master,2,33.0496
10359-1,Fountain Garden,10,82.6363
71858-1,Four Weapons Blacksmith,35,74.3719
71508-1,Fox Guardian Mech,4,57.843
40422-1,Frankenstein,3,16.5207
10362-1,French Café {Cafe},18,66.1074
42663-1,Friendship Camper Van Adventure,6,42.9669
42642-1,Friendship Movie Night,7,10.7355
42659-1,Friendship Road-Trip Travel Car,18,14.0413
42652-1,Friendship Tree House Hangout,18,49.5785
60488-1,Fries Food Truck,131,14.8678
40630-1,Frodo & Gollum,2,24.7851
10462-1,Frozen Creative Box with Elsa and Olaf,8,14.8678
30717-1,Fun Halloween Skeleton paper bag,115,3.2975
42686-1,Fun Indoor Playground,7,43.7934
42676-1,Fun Water Park Day,7,20.6529
10453-1,Funfair,6,37.1818
30389-1,Fuzzy & Mushroom Platform - Expansion Set polybag,33,3.2975
71405-1,Fuzzy Flippers - Expansion Set,1,20.6529
11215-1,Gabby's Brick-Built Cat Friends,9,35.5289
10788-1,Gabby's Dollhouse,10,82.6363
10796-1,Gabby's Kitty Care Ear,3,37.1818
60446-1,Galactic Spaceship,8,74.3719
80119-1,Galloping Horses Canvas,1,99.1653
72046-1,Game Boy,479,53.7107
60484-1,Gaming Car,27,7.4297
30722-1,Garden Bunny House paper bag,123,3.2975
21597-1,Ghast Station,19,70.2396
10274-1,Ghostbusters ECTO-1,16,247.9255
40871-1,Gift Box Celebration,1,20.6529
40642-1,Gingerbread Ornaments,45,12.3884
75683-1,Glinda & Elphaba's Dormitory,5,49.5785
75688-1,Glinda's Wedding Day,8,28.9173
75681-1,"Glinda, Elphaba & Nessarose at Shiz Uni",20,21.4793
30719-1,Go-Kart Racer paper bag,106,3.2975
30589-1,Go-Kart Racer polybag,92,4.124
60400-1,Go-Karts and Race Drivers,43,7.4297
11384-1,Golden Retriever Puppy,193,99.1653
77058-1,Goldie's Cozy House,2,14.8678
10461-1,Grandpa Pig's Garden and Greenhouse,6,57.843
11216-1,Grannies with Bingo and Bluey,9,10.7355
11024-1,Gray Baseplate,42,10.7355
31393-1,Gray Wolf,1,49.5785
11023-1,Green Baseplate {Plate Included is Bright Green},171,6.6033
10460-1,Green Building Plate,178,9.0826
76284-1,Green Goblin Construction Figure,9,24.7851
75446-1,Grogu (Mandalorian Apprentice),39,90.9008
75403-1,Grogu with Hover Pram,33,70.2396
75443-1,Grogu's Homestead,33,14.8678
42640-1,Guinea Pig Playground,14,7.4297
76443-1,Hagrid & Harry's Motorcycle Ride,30,41.314
76459-1,Hagrid & Harry's Privet Drive Escape,6,14.0413
76428-1,Hagrid's Hut: An Unexpected Visit,3,53.7107
42662-1,Hair Salon and Accessories Shop,2,37.1818
40721-1,Halloween Barn,85,18.1735
10349-1,Happy Plants,19,14.8678
60422-1,Harbor,17,107.4297
31201-1,Harry Potter,1,132.2231
76393-1,Harry Potter & Hermione Granger,25,132.2231
10273-1,Haunted House,68,289.2478
31167-1,Haunted Mansion,41,64.4545
40638-1,Heart Ornament,222,12.3884
42679-1,Heartlake City Bunny Hotel,9,18.1735
42618-1,Heartlake City Café {Cafe},1,21.4793
42649-1,Heartlake City Candy Store,10,20.6529
42680-1,Heartlake City Convenience Store,24,14.8678
42685-1,Heartlake City Fashion Show,4,37.1818
42689-1,Heartlake City Friends Club House,8,64.4545
42704-1,Heartlake City Grand Hotel,7,105.7768
42644-1,Heartlake City Ice Cream Truck,1,14.0413
41447-1,Heartlake City Park,3,33.0496
41728-1,Heartlake Downtown Diner,1,24.7851
42163-1,Heavy-Duty Bulldozer,44,7.4297
40711-1,Hedgehog Picnic Date,3,14.8678
76425-1,Hedwig at 4 Privet Drive,27,16.5207
243272-1,Heihei,87,28.9173
60462-1,"Helicopter, Fire Truck & Submarine Remix",8,41.314
,"Hermione Granger, Harry Potter, Series 2 (Complete Set with Stand and Accessories)",4,4.124
40518-1,High-Speed Train,1,20.6529
21060-1,Himeji Castle,29,113.2148
76457-1,Hogsmeade Village - Collectors' Edition,18,330.5701
76388-1,Hogsmeade Village Visit,16,99.1653
75969-1,Hogwarts Astronomy Tower,20,99.1653
71043-1,Hogwarts Castle,33,355.3635
76419-1,Hogwarts Castle and Grounds,16,123.9586
76442-1,Hogwarts Castle: Charms Class,9,14.0413
76441-1,Hogwarts Castle: Dueling Club,27,24.7851
76473-1,Hogwarts Castle: East Wing,28,177.6776
76445-1,Hogwarts Castle: Herbology Class,37,35.5289
76463-1,Hogwarts Castle: Hospital Wing,10,70.2396
76460-1,Hogwarts Castle: Sorting Hat Ceremony,18,11.562
76454-1,Hogwarts Castle: The Main Tower,7,177.6776
76423-1,Hogwarts Express & Hogsmeade Station,2,165.2809
76405-1,Hogwarts Express - Collectors' Edition,6,578.5039
76474-1,Hogwarts Herbology Plants,42,70.2396
76462-1,Hogwarts House Crest,35,37.1818
76383-1,Hogwarts Moment: Potions Class,8,37.1818
76382-1,Hogwarts Moment: Transfiguration Class,56,33.0496
75966-1,Hogwarts Room of Requirement,2,24.7851
76402-1,Hogwarts: Dumbledore's Office,21,90.9008
31208-1,Hokusai - The Great Wave,20,82.6363
60454-1,Holiday Camper Van,24,20.6529
41726-1,Holiday Camping Trip,3,20.6529
10361-1,Holiday Express Train,1,115.6942
21330-1,Home Alone,3,272.7189
675405-1,Home One Starcruiser,32,57.843
10450-1,Hopsy's Castle Game,2,28.9173
42695-1,Horse & Baby Foal Trailer,16,21.4793
42651-1,Horse and Pet Vet Clinic,1,45.4463
42634-1,Horse and Pony Trailer,1,20.6529
42688-1,Horse Stable and Riding Academy,14,57.843
60485-1,Hot Rod,24,7.4297
30735-1,Hot Rod Car paper bag,215,3.2975
76210-1,Hulkbuster,1,495.8593
42692-1,Ice Cream & Balloon Stand,4,7.4297
10458-1,Ice Cream Trip with Bluey,7,22.3058
41715-1,Ice-Cream Truck,2,16.5207
31389-1,Iconic Ferris Wheel,11,63.6281
31387-1,Iconic Pirate Ship,16,70.2396
75458-1,Imperial Remnant AT-RT Driver Helmet,2,70.2396
,"Imposter, Series 26 (Complete Set with Stand and Accessories)",16,4.124
243248-1,Inside Out 2 Mood Cubes,30,24.7851
10427-1,Interactive Adventure Train,2,56.1901
72043-1,Interactive LEGO Mario & Standard Kart,26,36.3554
60430-1,Interstellar Spaceship,10,14.8678
76288-1,Iron Man & Iron Legion vs. Hydra Soldier,8,15.6942
76320-1,Iron Man & War Machine vs. Hammer Drones,12,14.8678
76344-1,Iron Man Mark 3 Collectors' Edition,21,95.033
76307-1,Iron Man Mech vs. Ultron,27,10.7355
76327-1,Iron Man MK4 Bust,24,42.1405
76287-1,Iron Man with Bike and The Hulk,3,10.7355
76315-1,Iron Man's Laboratory: Hall of Armor,17,39.6611
76326-1,Iron Spider-Man Bust,13,42.9669
76298-1,Iron Spider-Man Construction Figure,3,24.7851
77049-1,Isabelle's House Visit,12,28.9173
21359-1,Italian Riviera,8,264.4545
40818-1,Italy Postcard,3,16.5207
71453-1,Izzie and Bunchu the Bunny,12,15.6942
71490-1,Izzie and Bunchurro the Gaming Bunny,13,14.0413
71481-1,Izzie's Dream Animals,13,28.0909
675397-1,Jabba's Sail Barge - UCS,29,446.2726
40643-1,Jade Rabbit,98,19.0
275408-1,Jango Fett Helmet,46,57.843
275409-1,Jango Fett's Firespray-Class Starship - UCS,8,289.2478
275433-1,Jango Fett's Starship,30,49.5785
31218-1,Japanese Cherry Blossom Landscape,45,86.7686
10348-1,Japanese Maple Tree,36,42.9669
43295-1,Jasmine's Jewelry Box,19,35.5289
21350-1,Jaws,1,157.0165
471853-1,Jay's Dragon Mech Fight,70,14.0413
271805-1,Jay's Mech Battle Pack,33,7.4297
471856-1,Jay's Transforming Car,6,37.1818
10312-1,Jazz Club,6,289.2478
75388-1,Jedi Bob's Starfighter,18,28.9173
42227-1,Jeep Wrangler Rubicon,47,46.2727
60489-1,Jet vs. Car,12,21.4793
42218-1,John Deere 1470H Wheeled Harvester,92,7.4297
42157-1,John Deere 948L-II Skidder,6,165.2809
42168-1,John Deere 9700 Forage Harvester,29,31.3967
240749-1,"Joy, Sadness & Anxiety",4,20.6529
30703-1,Julian's Beach Painting paper bag / polybag,92,4.124
77046-1,Julian's Birthday Party,7,11.562
77984-1,Jurassic Park Jeep Wrangler,1,206.6032
75434-1,K-2SO,18,66.1074
77052-1,K.K.'s Concert at the Plaza,9,56.1901
471864-1,Kai and Cole's Combiner Vehicles,17,20.6529
130650-1,Kai and Rapton's Temple Battle polybag,50,4.124
171789-1,Kai and Ras's Car and Bike Battle,1,20.6529
892308-1,Kai paper bag #1,438,2.0579
71734-1,Kai's Blade Cycle,4,12.3884
471851-1,Kai's Dragon Mech Battle Pack,20,7.4297
171777-1,Kai's Dragon Power Flip,4,10.7355
371823-1,Kai's Dragon Spinjitzu Spinner,11,7.4297
271808-1,Kai's Elemental Fire Mech,6,22.3058
71783-1,Kai's Mech Rider EVO,7,37.1818
371830-1,Kai's Mech Storm Rider,11,34.7025
371838-1,Kai's Motorcycle Speed Race,13,7.4297
271812-1,Kai's Ninja Climber Mech,3,66.1074
71780-1,Kai's Ninja Race Car EVO,25,7.4297
271815-1,Kai's Source Dragon Battle,9,33.0496
43293-1,Kakamora,14,28.9173
243258-1,Kakamora Barge,6,70.2396
77048-1,Kapp'n's Island Boat Tour,12,22.3058
42610-1,Karaoke Music Party,20,14.8678
42170-1,Kawasaki Ninja H2R Motorcycle,19,57.843
31216-1,Keith Haring - Dancing Figures,40,86.7686
77262-1,Ken Block's 1965 Ford Mustang Hoonicorn RTR V1,52,20.6529
43290-1,Kevin & Dug,22,42.9669
30676-1,Kiki's Coconut Attack polybag,280,4.124
43224-1,King Magnifico's Castle,2,82.6363
76213-1,King Namor's Throne Room,1,24.7851
10331-1,Kingfisher Bird,17,41.314
40618-1,Kingsley Shacklebolt & Nymphadora Tonks,6,22.3058
77081-1,KIT,20,70.2396
77077-1,Klombo,27,70.2396
76446-1,Knight Bus Adventure,13,37.1818
76471-1,Knockturn Alley Wizarding Shops,32,70.2396
76998-1,Knuckles and the Master Emerald Shrine,5,24.7851
77005-1,Knuckles vs. Dr. Eggman Egg Crusher Mech,14,28.9173
76996-1,Knuckles' Guardian Mech,11,25.6116
42173-1,Koenigsegg Jesko Absolut Gray Hypercar,26,37.1818
42184-1,Koenigsegg Jesko Absolut White Hypercar,25,61.9752
10352-1,Krusty Burger,1,206.6032
43013-1,Kylian Mbappé - Soccer Highlights {Mbappe},106,21.4793
775415-1,Kylo Ren Helmet,4,74.3719
775406-1,Kylo Ren's Command Shuttle,10,74.3719
40367-1,Lady Liberty,2,18.1735
10337-1,Lamborghini Countach 5000 Quattrovalvole,102,132.2231
42161-1,Lamborghini Huracán Tecnica,30,43.7934
42196-1,Lamborghini Huracán Tecnica Orange,6,43.7934
76923-1,Lamborghini Lambo V12 Vision Gran Turismo,115,18.1735
42214-1,Lamborghini Revuelto,108,128.0909
77238-1,Lamborghini Revuelto & Lamborghini Huracán STO,50,37.1818
42115-1,Lamborghini Sián (Sian) FKP 37,40,371.8924
471869-1,Land Bounty,15,90.9008
10317-1,Land Rover Classic Defender 90,38,206.6032
42110-1,Land Rover Defender,8,289.2478
40574-1,LEGO Brand Store,147,37.1818
40640-1,LEGO Nutcracker,62,9.9091
40306-1,LEGOLAND Castle,41,20.6529
40429-1,LEGOLAND NINJAGO World,219,28.9173
77054-1,Leif's Caravan & Garden Shop,22,20.6529
41754-1,Leo's Room,2,16.5207
10363-1,Leonardo da Vinci's Flying Machine,15,41.314
42687-1,Liann's Family House,2,49.5785
42146-1,Liebherr Crawler Crane LR 13000,19,570.2395
10992-1,Life at the Day-Care Center,3,41.314
60453-1,Lifeguard Truck,20,22.3058
88005-1,Light,86,12.3884
77255-1,Lightning McQueen,142,20.6529
43268-1,Lilo and Stitch Beach House,24,66.1074
10305-1,Lion Knights' Castle,1,454.537
43018-1,Lionel Messi - Celebration,114,123.9586
43011-1,Lionel Messi - Soccer Highlights,54,21.4793
43015-1,Lionel Messi - Soccer Legend,109,56.1901
76967-1,Little Eatie: T. rex,9,17.3471
171794-1,Lloyd and Arin's Ninja Team Mechs,5,59.4958
112325-1,Lloyd vs. Bone Warrior metal box,3,4.124
471850-1,Lloyd vs. Earth Monster Spinner,7,7.4297
471862-1,Lloyd's Dragon Mech Battle Pack,64,8.2562
371829-1,Lloyd's Green Forest Dragon,14,14.0413
371845-1,Lloyd's Jet Mech,17,82.6363
371828-1,Lloyd's Pull-Back Race Car,27,17.3471
71860-1,Lloyd's Titan Mech,52,90.9008
60483-1,Loader,30,7.4297
11211-1,Loki vs. Team Iron Man,20,35.5289
21034-1,London,27,37.1818
40569-1,London Postcard,1,16.5207
76907-1,Lotus Evija,30,24.7851
40647-1,Lotus Flowers,34,12.3884
31214-1,LOVE,47,56.1901
40867-1,Love Letters,2,20.6529
43271-1,Lucky & Penny 101 Dalmatians Puppies,55,18.1735
10344-1,Lucky Bamboo,59,20.6529
40813-1,Lucky Cat,117,22.3058
640795-1,Luke Skywalker (Rebel Pilot),4,12.3884
75390-1,Luke Skywalker X-Wing Mech,3,14.8678
675341-1,Luke Skywalker's Landspeeder - UCS,18,206.6032
76467-1,Luna Lovegood's House,58,70.2396
80108-1,Lunar New Year Traditions,11,74.3719
42211-1,Lunar Outpost Moon Rover,30,70.2396
42167-1,Mack LR Electric Garbage Truck,22,28.9173
11040-1,Magical Transparent Box,65,14.8678
31140-1,Magical Unicorn,14,7.4297
11510-1,Magnolia Branches,111,35.5289
60271-1,Main Square,4,157.0165
31141-1,Main Street,28,99.1653
31386-1,Majestic Lion,9,45.4463
31129-1,Majestic Tiger,1,45.4463
40601-1,Majisto's Magical Workshop,2,45.4463
43262-1,Maleficent's and Cruella De Vil's Dresses,7,53.7107
76453-1,Malfoy Manor,39,123.9586
75410-1,Mando and Grogu's N-1 Starfighter,14,20.6529
76433-1,Mandrake,25,66.1074
72050-1,Mario Kart - Luigi & Mach 8,38,126.438
72037-1,Mario Kart - Mario & Standard Kart,14,123.9586
42180-1,Mars Crew Exploration Rover,22,107.4297
76313-1,MARVEL Logo,11,70.2396
71380-1,Master Your Adventure - Maker Set,2,57.843
71491-1,Mateo and the Z-Blob Action Race Car,4,34.7025
552301-1,Mateo and Z-Blob paper bag,103,2.4711
71485-1,Mateo and Z-Blob the Knight Battle Mech,4,90.9008
71495-1,Mateo vs. Cyber Brain Mech,13,21.4793
71492-1,Mateo's Fire Chameleon,17,37.1818
71471-1,Mateo's Off-Road Car,11,7.4297
71499-1,Mateo's Spray Paint Truck,6,70.2396
77251-1,McLaren F1 Team MCL38,47,19.0
30683-1,McLaren Formula 1 Car polybag,138,4.124
42141-1,McLaren Formula 1 Team 2022 Race Car,93,181.8099
43023-1,McLaren Mastercard F1 Team Lando Norris Helmet,119,66.1074
43017-1,McLaren Mastercard F1 Team Oscar Piastri Helmet,98,66.1074
42228-1,McLaren MCL39 F1 Car,99,165.2809
10330-1,McLaren MP4/4 & Ayrton Senna,44,57.843
42172-1,McLaren P1,12,330.5701
76918-1,McLaren Solus GT & McLaren F1 LM,59,37.1818
30657-1,McLaren Solus GT polybag,176,4.124
77257-1,McLaren W1,109,20.6529
10456-1,McQueen's Visit to Doc's Garage,16,20.6529
76338-1,Mech Battle: Spider-Man vs. Doc Ock,6,21.4793
77078-1,Mecha Team Leader,46,165.2809
21325-1,Medieval Blacksmith,17,206.6032
31161-1,Medieval Dragon,17,41.314
31168-1,Medieval Horse Knight Castle,38,86.7686
10332-1,Medieval Town Square,1,247.9255
10696-1,Medium Creative Brick Box,9,21.4793
40924-1,Megatron Robot & Vehicle,3,24.7851
76909-1,Mercedes-AMG F1 W12 E Performance & Mercedes-AMG Project One,20,49.5785
42171-1,Mercedes-AMG F1 W14 E Performance,49,157.0165
76924-1,Mercedes-AMG G 63 & Mercedes-AMG SL 63,27,41.314
77244-1,Mercedes-AMG PETRONAS F1 Team W15 E Performance,115,19.0
42177-1,Mercedes-Benz G 500 PROFESSIONAL Line,77,176.0247
11204-1,Mermaid Gabby's Aquarium Adventure,7,14.8678
42703-1,Mermaid Roller Coaster Ride,2,70.2396
41839-1,Message Board,87,99.1653
10941-1,Mickey & Minnie Birthday Train,2,27.2645
10780-1,Mickey and Friends Castle Defenders,2,45.4463
40456-1,Mickey Mouse,1,20.6529
10454-1,Mickey Mouse Clubhouse & Car,6,16.5207
10465-1,Mickey Mouse Clubhouse with Minnie & Pluto,8,35.5289
40703-1,Micro NINJAGO City,1,24.7851
40705-1,Micro NINJAGO City Gardens,1,24.7851
40706-1,Micro NINJAGO City Markets,2,28.9173
40712-1,Micro Rocket Launchpad,9,49.5785
31058-1,Mighty Dinosaurs {Green Edition},1,14.8678
40801-1,"Mike, Dustin, Lucas and Will Figures",1,41.314
76337-1,Miles Morales Mech vs. Spider-Man 2099,14,11.562
76311-1,Miles Morales vs. the Spot,7,34.7025
675375-1,Millennium Falcon,29,61.9752
630708-1,Millennium Falcon - Mini paper bag / polybag,103,3.2975
75192-1,Millennium Falcon - UCS {2nd edition},4,644.6196
21362-1,Mineral Collection,23,45.4463
43284-1,Mini Anna & Elsa,11,7.4297
43291-1,Mini Belle & Tiana with Castle,7,28.9173
21589-1,Mini Biomes,31,42.9669
40720-1,Mini Disney Sleeping Beauty Castle,1,41.314
40521-1,Mini Disney The Haunted Mansion,3,41.314
30734-1,Mini F1 ACADEMY Car paper bag,303,3.2975
43303-1,Mini Jasmine & Rapunzel,17,7.4297
40775-1,Mini Knight's Castle,1,24.7851
40220-1,Mini London Bus,1,12.3884
330699-1,Mini Ninja Combo Mech paper bag / polybag,458,3.2975
10343-1,Mini Orchid,67,20.6529
30592-1,Mini Thunder Raider polybag,146,4.124
483008-1,"Minifigure, Series 25 (Box of 36)",13,165.2809
71045-1,"Minifigure, Series 25 (Complete Random Set of 1 Minifigure)",24,4.9504
71046-1,"Minifigure, Series 26 (Complete Random Set of 1 Minifigure)",34,3.2975
533318-1,"Minifigure, Series 27 (Box of 36)",55,115.6942
71048-1,"Minifigure, Series 27 (Complete Random Set of 1 Minifigure)",285,3.2975
71051-3,"Minifigure, Series 28 (Box of 36)",53,99.1653
71051-1,"Minifigure, Series 28 (Complete Random Set of 1 Minifigure)",297,3.2975
623266-1,"Minifigure, Series 29 (Box of 36)",77,103.2975
71052-1,"Minifigure, Series 29 (Complete Random Set of 1 Minifigure)",237,3.2975
71050-3,"Minifigure, Spider-Man Across the Spider-Verse (Box of 36)",10,123.9586
71050-1,"Minifigure, Spider-Man Across the Spider-Verse (Complete Random Set of 1 Minifigure)",143,3.2975
475583-1,Minions and Gru's Family Mansion,2,90.9008
475581-1,Minions' Music Party Bus,1,37.1818
40457-1,Minnie Mouse,1,20.6529
43274-1,Minnie's Pet Hotel,6,28.9173
243270-1,Moana's Adventure Canoe,16,41.314
243260-1,Moana's Island Fun,30,14.0413
42606-1,Mobile Bakery Food Cart,13,7.4297
30658-1,Mobile Music Trailer polybag,153,4.124
60369-1,Mobile Police Dog Training,3,16.5207
31213-1,Mona Lisa,21,82.6363
40648-1,Money Tree,39,22.3058
77250-1,MoneyGram Haas F1 Team VF-24,9,19.0
42199-1,Monster Jam DIGatron Pull-Back,48,20.6529
42219-1,Monster Jam Grave Digger,37,21.4793
42220-1,Monster Jam Sparkle Smash,35,21.4793
42200-1,Monster Jam ThunderROARus Pull-Back,69,19.0
31101-1,Monster Truck,1,16.5207
60402-1,Monster Truck,7,12.3884
76786-1,Morticia's Cottage,8,103.2975
675290-1,Mos Eisley Cantina,48,371.8924
175380-1,Mos Espa Podrace,17,56.1901
60491-1,Motorcycle Transporter,25,14.8678
21335-1,Motorized Lighthouse,6,289.2478
71475-1,Mr. Oz's Space Car,1,22.3058
71460-1,Mr. Oz's Spacebus,5,72.719
31392-1,Music Decor Piano,19,28.9173
42653-1,Music Store & Apartment,25,35.5289
10479-1,My First Colorful Creative Box,4,14.0413
10474-1,My First Creative Vehicles,2,14.8678
30673-1,My First Duck paper bag / polybag,3,2.0579
30327-1,My First Duck polybag,354,3.2975
30333-1,My First Elephant polybag,196,3.2975
30686-1,My First Flower & Bee paper bag,184,3.2975
10977-1,My First Puppy & Kitten with Sounds,5,33.0496
10266-1,NASA Apollo 11 Lunar Lander,4,123.9586
42182-1,NASA Apollo Lunar Roving Vehicle - LRV,32,154.5371
42221-1,NASA Artemis Space Launch System Rocket,32,42.9669
42158-1,NASA Mars Rover Perseverance,15,82.6363
30682-1,NASA Mars Rover Perseverance polybag,174,4.124
10283-1,NASA Space Shuttle Discovery,14,247.9255
76935-1,NASCAR Next Gen Chevrolet Camaro ZL1,47,19.0
10326-1,Natural History Museum,20,289.2478
42682-1,Nature Glamping Cabin,6,18.1735
42166-1,NEOM McLaren Extreme E Team,33,19.8264
42169-1,NEOM McLaren Formula E Team,24,39.6611
21584-1,Nether & End Portal Journey,38,11.562
21063-1,Neuschwanstein Castle,16,190.0743
76296-1,New Captain America Construction Figure,34,24.7851
75364-1,New Republic E-Wing vs. Shin Hati's Starfighter,6,74.3719
21028-1,New York City,88,37.1818
21066-1,New York City - The Big Apple,105,99.1653
40519-1,New York Postcard,2,16.5207
41749-1,Newsroom Van,6,20.6529
71513-1,Nightmare Scorpion Digger,1,37.1818
71500-1,Nightmare Shark Submarine,4,99.1653
43025-1,Nike Air Max 95,1,99.1653
43008-1,Nike Dunk,1,99.1653
43010-1,Nike Slam Dunk,1,74.3719
71866-1,Ninja Character Display,43,28.9173
371844-1,Ninja Combat Vehicle,10,74.3719
371831-1,Ninja Spinjitzu Temple,8,28.0909
471857-1,Ninja Vehicle Tree House Battle,13,57.843
71741-1,NINJAGO City Gardens,24,330.5701
171799-1,NINJAGO City Markets,12,371.8924
77050-1,Nook's Cranny & Rosie's House,20,55.3636
21061-1,Notre-Dame de Paris,12,157.0165
30697-1,Nova's Doghouse Build paper bag / polybag,195,3.2975
10954-1,Number Train - Learn To Count,8,14.8678
171798-1,Nya and Arin's Baby Dragon Battle,12,28.9173
471849-1,Nya vs. Mutation Monster Spinner,9,7.4297
275333-1,Obi-Wan Kenobi's Jedi Starfighter,22,28.9173
60447-1,Off-Road Mountain Truck,35,14.0413
42164-1,Off-Road Race Buggy,63,13.2149
43287-1,Olaf and Bruni's Picnic Fun,59,37.1818
76439-1,Ollivanders & Madam Malkin's Robes,12,61.9752
10302-1,Optimus Prime,10,148.752
40803-1,Optimus Prime Robot & Vehicle,1,20.6529
77243-1,Oracle Red Bull Racing RB20,31,19.0
42206-1,Oracle Red Bull Racing RB20 F1 Car,119,157.0165
30714-1,Orange Cat paper bag,96,3.2975
10311-1,Orchid,66,37.1818
41729-1,Organic Grocery Store,10,74.3719
10983-1,Organic Market,7,24.7851
122331-1,Owen with Swamp Speeder and Raptor paper bag,25,2.0579
10323-1,PAC-MAN Arcade,8,272.7189
76915-1,Pagani Utopia,5,24.7851
41724-1,Paisley's House,2,33.0496
42647-1,Paisley's Room,24,14.0413
30641-1,Panda Bear polybag,16,4.124
31165-1,Panda Family,24,28.9173
42648-1,Panda Sanctuary,23,21.4793
21044-1,Paris,35,49.5785
21064-1,Paris - City of Love,161,57.843
72041-1,Party at Toad's House - Expansion Set,15,21.4793
41433-1,Party Boat,1,82.6363
41453-1,Party Time,2,33.0496
60367-1,Passenger Airplane,8,74.3719
60492-1,Passenger Jet,39,20.6529
75386-1,Paz Vizsla and Moff Gideon Battle,4,28.0909
11504-1,Peace Lily,20,43.7934
71408-1,Peach's Castle - Expansion Set,19,107.4297
21368-1,Peanuts: Snoopy's Doghouse,99,53.7107
77075-1,Peely & Sparkplug's Camp,16,14.8678
77072-1,Peely Bone,6,70.2396
10433-1,Peppa Pig Birthday House,7,32.2231
10432-1,Peppa Pig Boat Trip,8,21.4793
10431-1,Peppa Pig Garden and Tree House,4,14.8678
10434-1,Peppa Pig Supermarket,16,49.5785
40179-1,Personalised Mosaic Portrait,1,99.1653
42650-1,Pet Accessories Shop,6,28.0909
42678-1,Pet Accessories Van,7,14.8678
043232-1,Peter Pan & Wendy's Flight over London,27,57.843
10347-1,Petite Sunny Bouquet,222,20.6529
42156-1,Peugeot 9X8 24H Le Mans Hybrid Hypercar,98,148.752
30560-1,Photo Holder & Mini Board polybag,5,4.124
43305-1,Piglet's Birthday Fun,2,41.314
72152-1,Pikachu and Poké Ball {Poke},240,140.4876
31170-1,Pink Flamingo,45,18.1735
71426-1,Piranha Plant,19,53.7107
71382-1,Piranha Plant Puzzling Challenge - Expansion Set,1,33.0496
31109-1,Pirate Ship,11,115.6942
75346-1,Pirate Snub Fighter,15,28.9173
60496-1,Pizza Delivery Experience,38,35.5289
10469-1,Pizza Girls with Muffin and Bluey,8,28.9173
42694-1,Pizza Truck,1,10.7355
60458-1,Pizza vs. Fire Truck,67,7.4297
42179-1,Planet Earth and Moon in Orbit,46,57.843
42671-1,Plant Café & Flower Shop {Cafe},8,63.6281
40656-1,Play with Braille - English Alphabet,3,90.9008
30711-1,Play with Braille Bricks paper bag / polybag,196,3.2975
31163-1,Playful Cat,56,17.3471
31382-1,Playful Puppy,14,21.4793
11201-1,Playground Fun with Bluey and Chloe,6,14.8678
75400-1,Plo Koon's Jedi Starfighter Microfighter,118,10.7355
10369-1,Plum Blossom,85,23.1322
10370-1,Poinsettia,10,47.0992
21345-1,Polaroid OneStep SX-70 Camera,45,57.843
60456-1,Police Boat,9,20.6529
60312-1,Police Car,32,7.4297
60415-1,Police Car and Muscle Car Chase,15,14.8678
952208-1,Police Diver with Underwater Scooter foil pack,1,2.4711
10967-1,Police Motorcycle,31,7.4297
60455-1,Police Motorcycle,24,8.2562
30664-1,Police Off-Road Buggy Car polybag,23,4.124
60419-1,Police Prison Island,18,70.2396
60479-1,Police Prisoner Transport Van,14,14.8678
60508-1,Police Train Heist,9,140.4876
60481-1,Police Truck,29,7.4297
30693-1,Police Water Scooter paper bag / polybag,137,3.2975
952307-1,Policeman with Jet paper bag,640,2.0579
952207-1,Policeman with Jet Ski foil pack,520,2.0579
42654-1,Pony Ranch & Stable,10,57.843
562205-1,Poodle in Dog Parlor foil pack,2,2.4711
42619-1,Pop Star Music Tour Bus,2,74.3719
10295-1,Porsche 911,118,148.752
42224-1,Porsche 911 GT3 R REXY AO Racing,41,99.1653
77239-1,Porsche 911 GT3 RS,100,19.8264
42176-1,Porsche GT4 e-Performance,26,119.8264
88002-1,Power Functions Train Motor,70,24.7851
10342-1,Pretty Pink Flower Bouquet,32,41.314
72042-1,Prince Florian & Castle Bowser - Expansion Set,25,70.2396
43267-1,Princess Castle & Royal Pets,10,84.2892
675351-1,Princess Leia (Boushh) Helmet,10,82.6363
76451-1,Privet Drive: Aunt Marge's Visit,59,64.4545
80120-1,Prosperity Carp Leaping,3,49.5785
76943-1,Pteranodon Chase,3,20.6529
43292-1,Pua,13,49.5785
41396-1,Puppy Playground,2,10.7355
42665-1,Puppy Playground,11,7.4297
562303-1,Puppy with Doghouse foil pack,887,1.2314
76452-1,Quality Quidditch Supplies & Ice Cream Parlour,91,70.2396
10291-1,Queer Eye – The Fab 5 Loft,2,82.6363
30706-1,Quidditch Lesson paper bag / polybag,54,3.2975
30651-1,Quidditch Practice polybag,58,4.124
75379-1,R2-D2,72,71.8925
75308-1,R2-D2,17,247.9255
60322-1,Race Car,11,7.4297
60399-1,Race Car,10,10.7355
60406-1,Race Car and Car Carrier Truck,3,28.9173
30640-1,Race Car polybag,30,4.124
31160-1,Race Plane,17,12.3884
71420-1,Rambi the Rhino - Expansion Set,7,12.3884
76973-1,Raptor & Titanosaurus Tracking Mission,25,82.6363
76972-1,Raptor Off-Road Escape,32,23.9587
43297-1,Rapunzel's Castle,20,70.2396
43294-1,Rapunzel's Mini Tower,19,14.8678
76341-1,Ravager Jumpsuit Groot,43,42.9669
77082-1,Rave Cave,21,140.4876
43181-1,Raya and the Heart Palace,7,82.6363
75399-1,Rebel U-Wing Starfighter,29,49.5785
88021-1,Rechargeable Battery {for 113557c01},3,33.0496
31172-1,Record Player with Flowers,1,28.9173
60495-1,Recycling Truck,1,45.4463
41712-1,Recycling Truck,8,14.8678
31145-1,Red Dragon,3,12.3884
75413-1,Republic Juggernaut,20,107.4297
31147-1,Retro Camera,44,14.0413
31380-1,Retro Gaming Console,12,14.8678
31148-1,Retro Roller Skate,12,22.3058
,"Retro Space Heroine, Series 26 (Complete Set with Stand and Accessories)",19,4.124
31174-1,Retro Telephone,93,21.4793
21356-1,River Steamboat,29,305.7768
11380-1,Road Bike,34,86.7686
60304-1,Road Plates,17,14.8678
,"Robot Butler, Series 26 (Complete Set with Stand and Accessories)",2,4.124
60229-1,Rocket Assembly & Transport,9,132.2231
76243-1,Rocket Mech Armor,1,14.8678
31103-1,Rocket Truck,1,20.6529
76278-1,Rocket's Warbird vs. Ronan,15,28.0909
11506-1,Rocking Plants,80,14.0413
371843-1,Rogue's Mech Dragon Rider,10,49.5785
10261-1,Roller Coaster,19,454.537
,"Ron Weasley, Harry Potter, Series 2 (Complete Set with Stand and Accessories)",18,4.124
371842-1,Rontu the Master Dragon,11,37.1818
40460-1,Roses,427,16.5207
42082-1,Rough Terrain Crane,11,330.5701
76354-1,S.H.I.E.L.D. Helicarrier,17,280.9834
43288-1,Sally's Flowerpot,14,35.5289
40746-1,Santa's Delivery Truck,446,16.5207
40499-1,Santa's Sleigh,530,28.9173
30670-1,Santa's Sleigh Ride polybag,484,4.124
10293-1,Santa's Visit,12,123.9586
11373-1,Sauron's Helmet,107,53.7107
11221-1,School with Rusty and Bluey,14,18.1735
892184-1,Scuba Kai foil pack,1,2.4711
43014-1,Scuderia Ferrari HP Charles Leclerc Helmet,29,66.1074
43022-1,Scuderia Ferrari HP Lewis Hamilton Helmet,32,66.1074
41734-1,Sea Rescue Boat,8,74.3719
41752-1,Sea Rescue Plane,8,14.8678
60308-1,Seaside Police and Fire Mission,4,37.1818
40926-1,SEGA Genesis Console,3,41.314
000431-1,Serious Play Connections Kit {2013 Version},2,528.9172
000430-2,Serious Play Identity and Landscape Kit {2022 Version},1,661.1485
000414-4,Serious Play Starter Kit (234 Pieces Version),12,28.9173
40729-1,Shackleton's Lifeboat,1,66.1074
77000-1,Shadow the Hedgehog,11,66.1074
76995-1,Shadow's Escape,3,15.6942
10441-1,Shape Sorter: Puppy House,1,20.6529
10357-1,Shelby Cobra 427 S/C,114,111.5619
11371-1,Shopping Street,5,231.3966
40923-1,"Shrek, Donkey & Gingy Figures",3,24.7851
10360-1,Shuttle Carrier Aircraft,22,214.8677
75449-1,Siege of Mandalore Battle Pack,81,14.8678
77118-1,Silver's Car vs. Knuckles' Monster Truck,14,28.9173
43243-1,Simba the Lion King Cub,75,16.5207
21057-1,Singapore,11,53.7107
975272-1,Sith TIE Fighter,1,82.6363
30633-1,Skate Ramp polybag,2,4.124
30710-1,Skid-Steer Loader paper bag / polybag,122,3.2975
40812-1,Snowman Ornaments,3,15.6942
60490-1,Snowplow,10,18.1735
43019-1,Soccer Ball,54,86.7686
21331-1,Sonic the Hedgehog - Green Hill Zone,1,198.3388
77001-1,Sonic's Campfire Clash,26,14.0413
77117-1,Sonic: Speedster Lightning,2,7.4297
371824-1,Sora's Dragon Spinjitzu Spinner,15,7.4297
271807-1,Sora's Elemental Tech Mech,19,14.8678
76466-1,Sorcerer's Stone – Collectors' Edition,41,112.3884
10358-1,Soundwave,25,148.752
271822-1,Source Dragon of Motion,1,140.4876
31152-1,Space Astronaut,6,41.314
60434-1,Space Base and Rocket Launchpad,21,103.2975
60431-1,Space Explorer Rover and Alien Life,2,28.9173
30663-1,Space Hoverbike polybag,210,4.124
31164-1,Space Robot,11,17.3471
30694-1,Space Science Mech paper bag / polybag,144,3.2975
31134-1,Space Shuttle,71,7.4297
60429-1,Spaceship and Asteroid Discovery,10,16.5207
76336-1,Spider-Man Car vs. Venomized Wolverine,7,14.8678
76346-1,Spider-Man Hero Figure,6,70.2396
76308-1,Spider-Man Mech vs. Anti-Venom,14,12.3884
76349-1,Spider-Man Prison Transport Chase,5,35.5289
30725-1,Spider-Man vs. Anti-Venom Heist paper bag,539,3.2975
276321-1,Spider-Man vs. Doc Ock Subway Train Scene,8,35.5289
76335-1,Spider-Man vs. Ghost Rider Motorcycle,22,7.4297
76350-1,Spider-Man vs. Hulk Epic Clash,1,63.6281
76342-1,Spider-Man vs. Mysterio: The Daily Bugle,13,78.5041
76324-1,Spider-Man vs. Oscorp,11,95.033
76280-1,Spider-Man vs. Sandman: Final Battle,2,37.1818
76309-1,Spider-Man vs. Venom Muscle Car,19,20.6529
76285-1,Spider-Man's Mask,2,90.9008
11200-1,Spidey and Gobby's Raptor Battle at Tree House HQ,6,38.0083
11206-1,Spidey on his Motorcycle vs. Rhino,10,7.4297
11207-1,Spidey: Underwater Vehicles,1,24.7851
11198-1,Spin and Electro Dinosaur Vehicle Chase,6,14.0413
10424-1,Spin's Motorcycle Adventure,2,20.6529
42702-1,Spinning Flower & Fairy Teacup Ride,6,28.9173
76976-1,Spinosaurus & Quetzalcoatlus Air Mission,12,107.4297
40375-1,Sports Accessories polybag,1,4.9504
60448-1,Sports Car,28,7.4297
41744-1,Sports Center,3,82.6363
40709-1,Spring Animal Playground,892,12.3884
40682-1,Spring Garden House,20,24.7851
72032-1,Standard Kart,5,16.5207
42603-1,Stargazing Camping Vehicle,2,24.7851
77053-1,Stargazing with Celeste,26,7.4297
21042-1,Statue of Liberty,16,90.9008
30672-1,Steve and Baby Panda polybag,472,3.2975
21251-1,Steve's Desert Expedition,64,8.2562
21583-1,Steve's Taiga Adventure,8,7.4297
40674-1,Stitch,3,14.8678
43249-1,Stitch,16,45.4463
43296-1,Stitch & Scrump,15,49.5785
75370-1,Stormtrooper Mech,3,19.0
60293-1,Stunt Park,1,24.7851
10309-1,Succulents,1,49.5785
11502-1,Sunflower Bouquet,120,42.9669
40524-1,Sunflowers,117,16.5207
71438-1,Super Mario World: Mario & Yoshi,77,107.4297
77003-1,Super Shadow vs. Biolizard,8,31.3967
76302-1,Superman Mech vs. Lex Luthor,14,14.0413
77080-1,Supply Drop,16,28.9173
77071-1,Supply Llama,11,28.0909
42178-1,Surface Space Loader LT78,10,24.7851
42641-1,Surfing Dogs and Scooter Adventure,46,9.9091
31159-1,Surprising Spider,28,9.0826
562305-1,Sushi Stall paper bag,295,2.0579
11205-1,Sweet Treat Mountain & Kitty Garden,16,35.5289
40824-1,Sweetheart Tweety Bird,331,24.7851
60238-1,Switch Tracks,29,14.8678
31151-1,T. rex,8,49.5785
76948-1,T. rex & Atrociraptor Dinosaur Breakout,5,107.4297
76940-1,T. rex Dinosaur Fossil Exhibition,2,41.314
76975-1,T. rex River Escape,6,34.7025
21337-1,Table Football,7,239.6611
76429-1,Talking Sorting Hat,46,82.6363
675376-1,Tantive IV,31,66.1074
77006-1,Team Sonic Command Truck,12,49.5785
11208-1,Team Spidey Pirate Ship,3,37.1818
10464-1,Team Spidey Webquarters,6,35.5289
88012-1,Technic Hub,2,66.1074
40878-1,Teenage Mutant Ninja Turtles Figures,2,45.4463
75358-1,Tenoo Jedi Temple,10,37.1818
31209-1,The Amazing Spider-Man,12,140.4876
43286-1,The Aristocats Adorable Marie,29,28.9173
21269-1,The Armadillo Mine Expedition,9,20.6529
21252-1,The Armory,9,20.6529
76291-1,The Avengers Assemble: Age of Ultron,10,70.2396
76248-1,The Avengers Quinjet,5,82.6363
21268-1,The Baby Pig House,35,14.0413
21263-1,The Badlands Mineshaft,6,49.5785
75640-1,The Baratie Floating Restaurant,16,211.5619
42155-1,The Batman - Batcycle,22,38.0083
76332-1,The Batman Batmobile,9,21.4793
71437-1,The Bowser Express Train - Expansion Set,8,84.2892
76437-1,The Burrow - Collectors' Edition,2,247.9255
21260-1,The Cherry Blossom Garden,24,19.8264
21249-1,The Crafting Box 4.0,12,82.6363
11370-1,The Creel House,5,264.4545
21276-1,The Creeper,97,28.9173
75384-1,The Crimson Firehawk,9,37.1818
75389-1,The Dark Falcon,10,126.438
471859-1,The Dragon of Life,4,70.2396
21595-1,The Ender Dragon,19,41.314
21279-1,The Enderman Tower,29,74.3719
31217-1,The Fauna Collection - Tiger,37,41.314
71846-1,The Fire Knight Mech,48,82.6363
21316-1,The Flintstones,48,123.9586
75414-1,The Force Burner Snowspeeder,43,36.3554
21588-1,The Fox,16,33.0496
21178-1,The Fox Lodge,3,14.8678
21256-1,The Frog House,17,49.5785
21273-1,The Ghast Balloon Village Attack,34,49.5785
21332-1,The Globe,4,247.9255
40791-1,The Goblet of Fire Figures,4,53.7107
75639-1,The Going Merry Pirate Ship,10,90.9008
21363-1,The Goonies,9,297.5123
21058-1,The Great Pyramid of Giza,39,115.6942
71847-1,The Guardian Dragon,53,107.4297
76193-1,The Guardians' Ship,20,132.2231
76232-1,The Hoopty,3,82.6363
76312-1,The Hulk Truck vs. Thanos,12,21.4793
21267-1,The Illager Desert Patrol,30,9.9091
21342-1,The Insect Collection,10,90.9008
75957-1,The Knight Bus,1,74.3719
60500-1,The LEGO Van,105,21.4793
43213-1,The Little Mermaid Story Book,2,24.7851
30705-1,The Lush Cave Fight paper bag / polybag,267,4.124
43245-1,The Magical Madrigal House,8,132.2231
75436-1,The Mandalorian & Grogu's Speeder Bike,8,7.4297
75317-1,The Mandalorian & The Child,4,20.6529
75328-1,The Mandalorian Helmet,9,49.5785
75325-1,The Mandalorian's N-1 Starfighter,10,53.7107
71411-1,The Mighty Bowser,23,239.6611
31212-1,The Milky Way Galaxy,26,140.4876
76403-1,The Ministry of Magic,57,82.6363
21270-1,The Mooshroom House,2,34.7025
21266-1,The Nether Lava Battle,41,8.2562
21255-1,The Nether Portal Ambush,11,28.0909
71478-1,The Never Witch's Midnight Raven,16,70.2396
376255-1,The New Guardians' Ship,2,82.6363
75374-1,The Onyx Cinder,19,98.3388
21586-1,The Pale Garden,39,14.8678
21277-1,The Pickaxe Mine,23,38.0083
21278-1,The Pillager Outpost and Ravager,61,56.1901
21248-1,The Pumpkin Farm,10,28.0909
75447-1,The Razor Crest,35,105.7768
30728-1,The Razor Crest - Mini paper bag,275,3.2975
21187-1,The Red Barn,65,99.1653
10354-1,The Shire,17,247.9255
21594-1,The Skeleton,14,33.0496
21333-1,The Starry Night (Vincent van Gogh),6,157.0165
371848-1,The Temple Bounty,24,165.2809
21275-1,The TNT Jungle House,21,23.1322
21254-1,The Turtle Beach House,10,28.9173
71870-1,The Twin Titan Mechs,10,99.1653
21274-1,The Warden Encounter,31,16.5207
21054-1,The White House,8,148.752
21262-1,The Windmill Farm,2,66.1074
21261-1,The Wolf Stronghold,7,33.0496
76458-1,Thestral Family,2,74.3719
76785-1,Thing's Apartment,12,57.843
371832-1,Thunderfang Dragon of Chaos,31,66.1074
630727-1,TIE Advanced - Mini paper bag,173,3.2975
675347-1,TIE Bomber,49,53.7107
77256-1,Time Machine from Back to the Future,281,20.6529
10329-1,Tiny Plants,37,37.1818
42203-1,Tipping Dump Truck,19,35.5289
10294-1,Titanic,5,661.1485
30591-1,Titanium Mini Mech polybag,329,4.124
30702-1,Toad (Pit Crew) paper bag / polybag,140,3.2975
72035-1,Toad's Garage,16,28.0909
71368-1,Toad's Treasure Hunt - Expansion Set,1,57.843
30731-1,Tom Nook and Flying Present paper bag,75,3.2975
77079-1,Tomatohead,14,10.7355
76194-1,Tony Stark’s Sakaarian Iron Man,2,33.0496
271818-1,Tournament Battle Arena,9,49.5785
271814-1,Tournament Temple City,1,231.3966
230675-1,Tournament Training Ground polybag,291,3.2975
60435-1,Tow Truck,1,16.5207
40860-1,Toy Story,1,41.314
43264-1,Toy Story Celebration Train & RC Car,2,28.9173
43301-1,Toy Story Slinky Dog Bookends,32,105.7768
60205-1,Tracks and Curves,79,14.8678
60287-1,Tractor,1,24.7851
60498-1,Tractor,10,14.8678
10468-1,Tractor and Market,2,14.0413
60461-1,Tractor with Trailer,1,20.6529
10426-1,Train Bridge and Tracks Expansion Set,52,28.0909
60335-1,Train Station,25,123.9586
10425-1,Train Tunnel and Tracks Expansion Set,41,14.0413
10315-1,Tranquil Garden,70,74.3719
42664-1,Travel Boat Adventure,17,52.0578
41838-1,Travel Moments {International Version},4,148.752
21318-1,Tree House,39,214.8677
21062-1,Trevi Fountain,29,115.6942
40902-1,Tribute to Leonardo da Vinci,2,33.0496
472210-1,Triceratops Baby foil pack,327,1.6446
10366-1,Tropical Aquarium,19,413.2147
31173-1,Tropical Toucan,12,11.562
30688-1,Tropical Toucan paper bag / polybag,408,4.124
10931-1,Truck & Tracked Excavator,10,16.5207
10350-1,Tudor Corner,28,223.1322
11501-1,Tulip Bouquet,227,43.7934
60258-1,Tuning Workshop,3,82.6363
31377-1,Turtle with a Water Lily,18,7.4297
640615-1,Tusken Raider,1,15.6942
21349-1,Tuxedo Cat,54,107.4297
21354-1,Twilight The Cullen House,12,214.8677
31096-1,Twin-Rotor Helicopter,2,53.7107
43259-1,Twirling Ariel,11,12.3884
31169-1,Typewriter with Flowers,35,20.6529
10356-1,U.S.S. Enterprise NCC-1701-D,6,371.8924
71872-1,Ultra Dragon Battle,16,140.4876
11209-1,Ultron vs. Iron Man,16,14.8678
42658-1,Unicorn & Flamingo Pool Party,44,7.4297
42675-1,Unicorn Cake Delivery Car,23,7.4297
42684-1,Unicorn Dream Café {Cafe},8,28.9173
40767-1,Up-scaled Baby Astronaut,1,33.0496
675461-1,Up-Scaled Darth Vader Minifigure,1,99.1653
40649-1,Up-Scaled LEGO Minifigure,17,61.9752
40819-1,Up-Scaled Racing Driver Minifigure,4,57.843
75432-1,V-19 Torrent Starfighter,24,47.0992
76957-1,Velociraptor Escape,2,37.1818
675441-1,Venator-Class Attack Cruiser,22,57.843
75367-1,Venator-Class Republic Attack Cruiser - UCS,2,578.5039
76276-1,Venom Mech Armor vs. Miles Morales,12,12.3884
30679-1,Venom Street Bike polybag,506,3.2975
30707-1,Venom's Museum Robbery paper bag / polybag,49,3.2975
10298-1,Vespa 125,49,82.6363
21343-1,Viking Village,36,115.6942
43282-1,Village House & Boat,19,14.8678
31215-1,Vincent van Gogh - Sunflowers,51,148.752
43027-1,Vini Jr. - Soccer Highlights,114,20.6529
30644-1,Vintage Car polybag,1,4.9504
42614-1,Vintage Fashion Store,17,33.0496
40913-1,Vintage Parade Car,25,28.9173
60511-1,Vintage Steam Train,92,61.9752
77246-1,Visa Cash App RB VCARB 01,23,19.0
10252-1,Volkswagen Beetle (VW Beetle),165,148.752
10220-1,Volkswagen T1 Camper Van (VW Bus),13,223.1322
10279-1,Volkswagen T2 Camper Van {VW Bus},3,206.6032
42081-1,Volvo Concept Wheel Loader ZEUX,6,157.0165
42215-1,Volvo EC500 Hybrid Excavator,63,280.9834
42175-1,Volvo FMX Truck & EC230 Electric Excavator,20,140.4876
42209-1,Volvo L120 Electric Wheel Loader,55,70.2396
43279-1,WALL-E and EVE,27,49.5785
043230-1,Walt Disney Tribute Camera,10,99.1653
76277-1,War Machine Mech Armor,16,11.562
72038-1,Wario & King Boo,19,35.5289
11511-1,Water Lilies,92,28.9173
75684-1,Welcome to Emerald City,2,74.3719
60450-1,Wheel Loader,20,9.9091
11026-1,White Baseplate,230,6.6033
30736-1,White Seaplane paper bag,217,3.2975
675430-1,Wicket the Ewok,4,123.9586
10442-1,Wild Animal Families: Penguins & Lions,94,7.4297
31150-1,Wild Safari Animals,14,53.7107
10313-1,Wildflower Bouquet,90,43.7934
30570-1,Wildlife Rescue Hovercraft polybag,3,3.2975
10353-1,Williams Racing FW14B & Nigel Mansell,39,57.843
77249-1,Williams Racing FW46,9,19.0
21360-1,Willy Wonka & the Chocolate Factory,9,214.8677
75636-1,Windmill Village Hut,18,20.6529
21326-1,Winnie the Pooh,4,140.4876
43300-1,Winnie the Pooh,104,105.7768
10457-1,Winnie the Pooh's Birthday Party,22,14.8678
21590-1,Wither Battle,18,47.9256
76257-1,Wolverine Construction Figure,26,26.438
76250-1,Wolverine's Adamantium Claws,2,99.1653
21272-1,Woodland Mansion Fighting Ring,15,35.5289
11505-1,Woodland Mushrooms,74,53.7107
000444-1,Workshop Kit Back-to-Back,2,4.9504
10340-1,Wreath,1,107.4297
471868-1,Wyldfyre's Transforming Dragon Mech,11,61.9752
71867-1,X-1 Ninja Charger,16,57.843
76281-1,X-Men X-Jet,4,61.9752
76294-1,X-Men: The X-Mansion,18,314.0412
675355-1,X-wing Starfighter - UCS,97,214.8677
40611-1,Year of the Dragon,34,12.3884
40779-1,Year of the Horse,5,12.3884
40417-1,Year of the Ox,1,12.3884
40575-1,Year of the Rabbit,17,12.3884
42225-1,Yellow Motorcycle,122,8.2562
40468-1,Yellow Taxi,4,12.3884
60487-1,Yellow Taxi,20,11.562
375255-1,Yoda,4,132.2231
675438-1,Yoda Bust,34,28.0909
72031-1,Yoshi Bike,4,10.7355
71406-1,Yoshi's Gift House - Expansion Set,1,33.0496
43247-1,Young Simba the Lion King,15,107.4297
30636-1,Z-Blob and Bunchu Spider Escape polybag,985,3.2975
891957-1,Zane foil pack #5,6,2.4711
371827-1,Zane's Battle Suit Mech,14,8.2562
130674-1,Zane's Dragon Power Vehicles polybag,255,4.124
71786-1,Zane's Ice Dragon Creature,3,99.1653
271816-1,Zane's Ice Motorcycle,17,7.4297
371834-1,Zane's Ultra Combiner Mech,15,82.6363
471863-1,Zilvar and Grimtak,2,14.8678
71476-1,Zoey and Zian the Cat-Owl,5,37.1818
30660-1,Zoey's Dream Jet Pack Booster polybag,114,4.124
21587-1,Zombie Dungeon,5,21.4793
